{"meta":{"exported_on":1380293000983,"version":"000"},"data":{"posts":[{"id":3,"uuid":"8f67720f-e009-4630-a919-f194782e26cf","title":"Test","slug":"test","markdown":"![test]()\n\n[hello]()","html":"<p>!<a href=\"\">test</a></p>\n\n<p><a href=\"\">hello</a></p>","image":null,"featured":0,"page":0,"status":"draft","language":"en_US","meta_title":null,"meta_description":null,"author_id":1,"created_at":1380285841842,"created_by":1,"updated_at":1380286184662,"updated_by":1,"published_at":null,"published_by":null},{"id":4,"uuid":"3ca8fe49-93d0-4f16-8c32-aefca8d44cf3","title":"test","slug":"test-2","markdown":"![]()","html":"","image":null,"featured":0,"page":0,"status":"draft","language":"en_US","meta_title":null,"meta_description":null,"author_id":1,"created_at":1380286317228,"created_by":1,"updated_at":1380287744238,"updated_by":1,"published_at":null,"published_by":null},{"id":5,"uuid":"ccad141a-3163-4fb1-b744-8aaf5629c8a4","title":"tsdf","slug":"tsdf","markdown":"![](http://)","html":"<p><img src=\"http://\" alt=\"\" /></p>","image":null,"featured":0,"page":0,"status":"draft","language":"en_US","meta_title":null,"meta_description":null,"author_id":1,"created_at":1380287751258,"created_by":1,"updated_at":1380287751258,"updated_by":1,"published_at":null,"published_by":null},{"id":6,"uuid":"3ca8fe49-93d0-4f16-8c32-aefca8d44cf3","title":"test","slug":"test-2-2","markdown":"![]()","html":"","image":null,"featured":0,"page":0,"status":"draft","language":"en_US","meta_title":null,"meta_description":null,"author_id":1,"created_at":1380292741258,"created_by":1,"updated_at":1380292741258,"updated_by":1,"published_at":null,"published_by":null},{"id":7,"uuid":"ccad141a-3163-4fb1-b744-8aaf5629c8a4","title":"tsdf","slug":"tsdf-2","markdown":"![](http://)","html":"<p><img src=\"http://\" alt=\"\" /></p>","image":null,"featured":0,"page":0,"status":"draft","language":"en_US","meta_title":null,"meta_description":null,"author_id":1,"created_at":1380292741258,"created_by":1,"updated_at":1380292741258,"updated_by":1,"published_at":null,"published_by":null},{"id":8,"uuid":"8f67720f-e009-4630-a919-f194782e26cf","title":"Test","slug":"test-3","markdown":"![test]()\n\n[hello]()","html":"<p><a href=\"\">hello</a></p>","image":null,"featured":0,"page":0,"status":"draft","language":"en_US","meta_title":null,"meta_description":null,"author_id":1,"created_at":1380292741251,"created_by":1,"updated_at":1380292741251,"updated_by":1,"published_at":null,"published_by":null},{"id":9,"uuid":"3ca8fe49-93d0-4f16-8c32-aefca8d44cf3","title":"test","slug":"test-2-2-2","markdown":"![]()","html":"","image":null,"featured":0,"page":0,"status":"draft","language":"en_US","meta_title":null,"meta_description":null,"author_id":1,"created_at":1380292787468,"created_by":1,"updated_at":1380292787468,"updated_by":1,"published_at":null,"published_by":null},{"id":10,"uuid":"ccad141a-3163-4fb1-b744-8aaf5629c8a4","title":"tsdf","slug":"tsdf-2-2","markdown":"![](http://)","html":"<p><img src=\"http://\" alt=\"\" /></p>","image":null,"featured":0,"page":0,"status":"draft","language":"en_US","meta_title":null,"meta_description":null,"author_id":1,"created_at":1380292787469,"created_by":1,"updated_at":1380292787469,"updated_by":1,"published_at":null,"published_by":null},{"id":11,"uuid":"8f67720f-e009-4630-a919-f194782e26cf","title":"Test","slug":"test-3-2","markdown":"![test]()\n\n[hello]()","html":"<p><a href=\"\">hello</a></p>","image":null,"featured":0,"page":0,"status":"draft","language":"en_US","meta_title":null,"meta_description":null,"author_id":1,"created_at":1380292787469,"created_by":1,"updated_at":1380292787469,"updated_by":1,"published_at":null,"published_by":null},{"id":12,"uuid":"3ca8fe49-93d0-4f16-8c32-aefca8d44cf3","title":"test","slug":"test-2-3","markdown":"![]()","html":"","image":null,"featured":0,"page":0,"status":"draft","language":"en_US","meta_title":null,"meta_description":null,"author_id":1,"created_at":1380292787468,"created_by":1,"updated_at":1380292787468,"updated_by":1,"published_at":null,"published_by":null},{"id":13,"uuid":"ccad141a-3163-4fb1-b744-8aaf5629c8a4","title":"tsdf","slug":"tsdf-3","markdown":"![](http://)","html":"<p><img src=\"http://\" alt=\"\" /></p>","image":null,"featured":0,"page":0,"status":"draft","language":"en_US","meta_title":null,"meta_description":null,"author_id":1,"created_at":1380292787468,"created_by":1,"updated_at":1380292787468,"updated_by":1,"published_at":null,"published_by":null},{"id":14,"uuid":"8f67720f-e009-4630-a919-f194782e26cf","title":"Test","slug":"test-4","markdown":"![test]()\n\n[hello]()","html":"<p><a href=\"\">hello</a></p>","image":null,"featured":0,"page":0,"status":"draft","language":"en_US","meta_title":null,"meta_description":null,"author_id":1,"created_at":1380292787467,"created_by":1,"updated_at":1380292787467,"updated_by":1,"published_at":null,"published_by":null},{"id":15,"uuid":"3ca8fe49-93d0-4f16-8c32-aefca8d44cf3","title":"test","slug":"test-2-2-3","markdown":"![]()","html":"","image":null,"featured":0,"page":0,"status":"draft","language":"en_US","meta_title":null,"meta_description":null,"author_id":1,"created_at":1380292823679,"created_by":1,"updated_at":1380292823679,"updated_by":1,"published_at":null,"published_by":null},{"id":16,"uuid":"ccad141a-3163-4fb1-b744-8aaf5629c8a4","title":"tsdf","slug":"tsdf-2-3","markdown":"![](http://)","html":"<p><img src=\"http://\" alt=\"\" /></p>","image":null,"featured":0,"page":0,"status":"draft","language":"en_US","meta_title":null,"meta_description":null,"author_id":1,"created_at":1380292823679,"created_by":1,"updated_at":1380292823679,"updated_by":1,"published_at":null,"published_by":null},{"id":17,"uuid":"8f67720f-e009-4630-a919-f194782e26cf","title":"Test","slug":"test-3-3","markdown":"![test]()\n\n[hello]()","html":"<p><a href=\"\">hello</a></p>","image":null,"featured":0,"page":0,"status":"published","language":"en_US","meta_title":null,"meta_description":null,"author_id":1,"created_at":1380292823680,"created_by":1,"updated_at":1380292992591,"updated_by":1,"published_at":1380292992591,"published_by":1},{"id":18,"uuid":"3ca8fe49-93d0-4f16-8c32-aefca8d44cf3","title":"test","slug":"test-2-4","markdown":"![]()","html":"","image":null,"featured":0,"page":0,"status":"draft","language":"en_US","meta_title":null,"meta_description":null,"author_id":1,"created_at":1380292823677,"created_by":1,"updated_at":1380292823677,"updated_by":1,"published_at":null,"published_by":null},{"id":19,"uuid":"ccad141a-3163-4fb1-b744-8aaf5629c8a4","title":"tsdf","slug":"tsdf-4","markdown":"![](http://)","html":"<p><img src=\"http://\" alt=\"\" /></p>","image":null,"featured":0,"page":0,"status":"draft","language":"en_US","meta_title":null,"meta_description":null,"author_id":1,"created_at":1380292823678,"created_by":1,"updated_at":1380292823678,"updated_by":1,"published_at":null,"published_by":null},{"id":20,"uuid":"8f67720f-e009-4630-a919-f194782e26cf","title":"Test","slug":"test-5","markdown":"![test]()\n\n[hello]()","html":"<p><a href=\"\">hello</a></p>","image":null,"featured":0,"page":0,"status":"draft","language":"en_US","meta_title":null,"meta_description":null,"author_id":1,"created_at":1380292823676,"created_by":1,"updated_at":1380292823676,"updated_by":1,"published_at":null,"published_by":null}],"users":[{"id":1,"uuid":"6d58467c-2057-4c42-9d1f-dd36553dfa73","name":"John","slug":"hannah-wolfe","password":"$2a$10$OGVQVnLTtPURbwwyltEw.uUfpVHkEgqObUa8CVr1xPnijvujef10a","email":"erisds@gmail.com","image":null,"cover":null,"bio":"","website":"","location":"","accessibility":null,"status":"active","language":"en_US","meta_title":null,"meta_description":null,"last_login":null,"created_at":1380235471428,"created_by":1,"updated_at":1380292823703,"updated_by":1}],"roles":[{"id":1,"uuid":"ff242ef2-6efa-4e4b-9320-96dcd008baf1","name":"Administrator","description":"Administrators","created_at":1380235467772,"created_by":1,"updated_at":1380235467772,"updated_by":1},{"id":2,"uuid":"0c80526c-ea70-4884-9e8d-8cddf1effc88","name":"Editor","description":"Editors","created_at":1380235467777,"created_by":1,"updated_at":1380235467777,"updated_by":1},{"id":3,"uuid":"6d7419bf-05be-43ac-a814-b16696706019","name":"Author","description":"Authors","created_at":1380235467780,"created_by":1,"updated_at":1380235467780,"updated_by":1}],"roles_users":[{"id":1,"role_id":1,"user_id":1}],"permissions":[{"id":1,"uuid":"38bbe292-103b-4c3f-81b0-bcb0bcd0e6d7","name":"Edit posts","object_type":"post","action_type":"edit","object_id":null,"created_at":1380235467784,"created_by":1,"updated_at":1380235467784,"updated_by":1},{"id":2,"uuid":"cd104d23-c643-4078-9d00-56717cb53beb","name":"Remove posts","object_type":"post","action_type":"remove","object_id":null,"created_at":1380235467787,"created_by":1,"updated_at":1380235467787,"updated_by":1},{"id":3,"uuid":"e2ee3147-3b27-4ea6-9e55-7cd35a5ab4a9","name":"Create posts","object_type":"post","action_type":"create","object_id":null,"created_at":1380235467791,"created_by":1,"updated_at":1380235467791,"updated_by":1}],"permissions_users":[],"permissions_roles":[{"id":1,"role_id":1,"permission_id":1},{"id":2,"role_id":1,"permission_id":2},{"id":3,"role_id":1,"permission_id":3}],"settings":[{"id":1,"uuid":"098ff9f8-0810-4fd4-9cc1-981e8a167adb","key":"databaseVersion","value":"000","type":"core","created_at":1380235467802,"created_by":1,"updated_at":1380235467802,"updated_by":1},{"id":2,"uuid":"ac1fdc2f-43bb-46be-8001-369f70cd859e","key":"title","value":"Ghost","type":"blog","created_at":1380235467802,"created_by":1,"updated_at":1380292823704,"updated_by":1},{"id":3,"uuid":"396d76b4-9116-48ac-8945-987ad0993108","key":"description","value":"Just a blogging platform.","type":"blog","created_at":1380235467802,"created_by":1,"updated_at":1380292823705,"updated_by":1},{"id":4,"uuid":"30a92df2-a58b-4902-83cb-b3049a440386","key":"email","value":"erisds@gmail.com","type":"blog","created_at":1380235467802,"created_by":1,"updated_at":1380292823706,"updated_by":1},{"id":5,"uuid":"ce4d5bee-3590-43df-9166-9f357aa469f7","key":"logo","value":"","type":"blog","created_at":1380235467803,"created_by":1,"updated_at":1380292823707,"updated_by":1},{"id":6,"uuid":"e7f6b726-a14d-4178-ac8d-cac9a7d8167d","key":"cover","value":"","type":"blog","created_at":1380235467803,"created_by":1,"updated_at":1380292823708,"updated_by":1},{"id":7,"uuid":"d44c0caa-e80e-4045-950e-c128c07bc494","key":"defaultLang","value":"en_US","type":"blog","created_at":1380235467804,"created_by":1,"updated_at":1380292823709,"updated_by":1},{"id":8,"uuid":"91c1e1eb-e141-4283-a580-fa8d94e7a403","key":"postsPerPage","value":"6","type":"blog","created_at":1380235467804,"created_by":1,"updated_at":1380292823710,"updated_by":1},{"id":9,"uuid":"5f0ef910-5256-48d1-bbd8-21ae9c04dda4","key":"forceI18n","value":"true","type":"blog","created_at":1380235467804,"created_by":1,"updated_at":1380292823710,"updated_by":1},{"id":10,"uuid":"d799a15c-0e36-43b5-824c-063ea895821b","key":"activeTheme","value":"casper","type":"theme","created_at":1380235467804,"created_by":1,"updated_at":1380292823711,"updated_by":1},{"id":11,"uuid":"f5263f01-5d0d-4774-a92d-55dfb5ae4d04","key":"activePlugins","value":"[]","type":"plugin","created_at":1380235467804,"created_by":1,"updated_at":1380292823712,"updated_by":1},{"id":12,"uuid":"3bd14b74-a3b8-4e13-b708-bfa222d2d4ea","key":"installedPlugins","value":"[]","type":"plugin","created_at":1380235467804,"created_by":1,"updated_at":1380292823713,"updated_by":1},{"id":13,"uuid":"5b521dc2-2fe5-4e2e-ae47-a5d8cb30db48","key":"dbHash","value":"85f85c3a-a3fb-4dd7-b6a7-80f62e3868c6","type":"core","created_at":1380235467862,"created_by":1,"updated_at":1380292823715,"updated_by":1}],"tags":[{"id":1,"uuid":"e9f201dc-064b-45a9-ae8d-0b65bf53de91","name":"Getting Started","slug":"getting-started","description":null,"parent_id":null,"meta_title":null,"meta_description":null,"created_at":1380235467768,"created_by":1,"updated_at":1380235467768,"updated_by":1},{"id":2,"uuid":"68df9d13-d2a9-43cb-8381-4529adf68ef1","name":"test","slug":"test","description":null,"parent_id":null,"meta_title":null,"meta_description":null,"created_at":1380292989898,"created_by":1,"updated_at":1380292989898,"updated_by":1}],"posts_tags":[{"id":2,"post_id":17,"tag_id":2}]}}